employee_id,employee_name,email,phone,department,designation,joining_date,manager,location,salary
EMP05001,Aarav Sharma,aarav.sharma1@example.com,9800000001,Engineering,Software Engineer,2020-01-18,Ananya Sharma,Chennai,467000
EMP05002,Meera Iyer,meera.iyer2@example.com,9800000002,Data Science,Data Analyst,2020-02-04,Vikram Kumar,Bengaluru,484000
EMP05003,Rohan Kumar,rohan.kumar3@example.com,9800000003,Finance,Finance Analyst,2020-02-21,Priya Iyer,Hyderabad,501000
EMP05004,Ananya Rao,ananya.rao4@example.com,9800000004,Human Resources,HR Executive,2020-03-09,Arjun Mehta,Mumbai,518000
EMP05005,Vikram Singh,vikram.singh5@example.com,9800000005,Marketing,Marketing Specialist,2020-03-26,Kavya Nair,Pune,535000
EMP05006,Kavya Nair,kavya.nair6@example.com,9800000006,Sales,Sales Executive,2020-04-12,Ananya Sharma,Delhi,552000
EMP05007,Arjun Mehta,arjun.mehta7@example.com,9800000007,Operations,Operations Manager,2020-04-29,Vikram Kumar,Chennai,569000
EMP05008,Priya Patel,priya.patel8@example.com,9800000008,Customer Support,Support Engineer,2020-05-16,Priya Iyer,Bengaluru,586000
EMP05009,Rahul Verma,rahul.verma9@example.com,9800000009,Engineering,Software Engineer,2020-06-02,Arjun Mehta,Hyderabad,603000
EMP05010,Sneha Reddy,sneha.reddy10@example.com,9800000010,Data Science,Data Analyst,2020-06-19,Kavya Nair,Mumbai,620000
EMP05011,Aditya Joshi,aditya.joshi11@example.com,9800000011,Finance,Finance Analyst,2020-07-06,Ananya Sharma,Pune,637000
EMP05012,Neha Gupta,neha.gupta12@example.com,9800000012,Human Resources,HR Executive,2020-07-23,Vikram Kumar,Delhi,654000
EMP05013,Karan Malhotra,karan.malhotra13@example.com,9800000013,Marketing,Marketing Specialist,2020-08-09,Priya Iyer,Chennai,671000
EMP05014,Divya Menon,divya.menon14@example.com,9800000014,Sales,Sales Executive,2020-08-26,Arjun Mehta,Bengaluru,688000
EMP05015,Sanjay Das,sanjay.das15@example.com,9800000015,Operations,Operations Manager,2020-09-12,Kavya Nair,Hyderabad,705000
EMP05016,Pooja Shah,pooja.shah16@example.com,9800000016,Customer Support,Support Engineer,2020-09-29,Ananya Sharma,Mumbai,722000
EMP05017,Nikhil Bansal,nikhil.bansal17@example.com,9800000017,Engineering,Software Engineer,2020-10-16,Vikram Kumar,Pune,739000
EMP05018,Isha Kapoor,isha.kapoor18@example.com,9800000018,Data Science,Data Analyst,2020-11-02,Priya Iyer,Delhi,756000
EMP05019,Manoj Yadav,manoj.yadav19@example.com,9800000019,Finance,Finance Analyst,2020-11-19,Arjun Mehta,Chennai,773000
EMP05020,Aditi Kulkarni,aditi.kulkarni20@example.com,9800000020,Human Resources,HR Executive,2020-12-06,Kavya Nair,Bengaluru,790000
EMP05021,Aarav Sharma,aarav.sharma21@example.com,9800000021,Marketing,Marketing Specialist,2020-12-23,Ananya Sharma,Hyderabad,807000
EMP05022,Meera Iyer,meera.iyer22@example.com,9800000022,Sales,Sales Executive,2021-01-09,Vikram Kumar,Mumbai,824000
EMP05023,Rohan Kumar,rohan.kumar23@example.com,9800000023,Operations,Operations Manager,2021-01-26,Priya Iyer,Pune,841000
EMP05024,Ananya Rao,ananya.rao24@example.com,9800000024,Customer Support,Support Engineer,2021-02-12,Arjun Mehta,Delhi,858000
EMP05025,Vikram Singh,vikram.singh25@example.com,9800000025,Engineering,Software Engineer,2021-03-01,Kavya Nair,Chennai,875000
EMP05026,Kavya Nair,kavya.nair26@example.com,9800000026,Data Science,Data Analyst,2021-03-18,Ananya Sharma,Bengaluru,892000
EMP05027,Arjun Mehta,arjun.mehta27@example.com,9800000027,Finance,Finance Analyst,2021-04-04,Vikram Kumar,Hyderabad,909000
EMP05028,Priya Patel,priya.patel28@example.com,9800000028,Human Resources,HR Executive,2021-04-21,Priya Iyer,Mumbai,926000
EMP05029,Rahul Verma,rahul.verma29@example.com,9800000029,Marketing,Marketing Specialist,2021-05-08,Arjun Mehta,Pune,943000
EMP05030,Sneha Reddy,sneha.reddy30@example.com,9800000030,Sales,Sales Executive,2021-05-25,Kavya Nair,Delhi,960000
EMP05031,Aditya Joshi,aditya.joshi31@example.com,9800000031,Operations,Operations Manager,2021-06-11,Ananya Sharma,Chennai,977000
EMP05032,Neha Gupta,neha.gupta32@example.com,9800000032,Customer Support,Support Engineer,2021-06-28,Vikram Kumar,Bengaluru,994000
EMP05033,Karan Malhotra,karan.malhotra33@example.com,9800000033,Engineering,Software Engineer,2021-07-15,Priya Iyer,Hyderabad,1011000
EMP05034,Divya Menon,divya.menon34@example.com,9800000034,Data Science,Data Analyst,2021-08-01,Arjun Mehta,Mumbai,1028000
EMP05035,Sanjay Das,sanjay.das35@example.com,9800000035,Finance,Finance Analyst,2021-08-18,Kavya Nair,Pune,1045000
EMP05036,Pooja Shah,pooja.shah36@example.com,9800000036,Human Resources,HR Executive,2021-09-04,Ananya Sharma,Delhi,1062000
EMP05037,Nikhil Bansal,nikhil.bansal37@example.com,9800000037,Marketing,Marketing Specialist,2021-09-21,Vikram Kumar,Chennai,1079000
EMP05038,Isha Kapoor,isha.kapoor38@example.com,9800000038,Sales,Sales Executive,2021-10-08,Priya Iyer,Bengaluru,1096000
EMP05039,Manoj Yadav,manoj.yadav39@example.com,9800000039,Operations,Operations Manager,2021-10-25,Arjun Mehta,Hyderabad,1113000
EMP05040,Aditi Kulkarni,aditi.kulkarni40@example.com,9800000040,Customer Support,Support Engineer,2021-11-11,Kavya Nair,Mumbai,1130000
EMP05041,Aarav Sharma,aarav.sharma41@example.com,9800000041,Engineering,Software Engineer,2021-11-28,Ananya Sharma,Pune,1147000
EMP05042,Meera Iyer,meera.iyer42@example.com,9800000042,Data Science,Data Analyst,2021-12-15,Vikram Kumar,Delhi,1164000
EMP05043,Rohan Kumar,rohan.kumar43@example.com,9800000043,Finance,Finance Analyst,2022-01-01,Priya Iyer,Chennai,1181000
EMP05044,Ananya Rao,ananya.rao44@example.com,9800000044,Human Resources,HR Executive,2022-01-18,Arjun Mehta,Bengaluru,1198000
EMP05045,Vikram Singh,vikram.singh45@example.com,9800000045,Marketing,Marketing Specialist,2022-02-04,Kavya Nair,Hyderabad,1215000
EMP05046,Kavya Nair,kavya.nair46@example.com,9800000046,Sales,Sales Executive,2022-02-21,Ananya Sharma,Mumbai,1232000
EMP05047,Arjun Mehta,arjun.mehta47@example.com,9800000047,Operations,Operations Manager,2022-03-10,Vikram Kumar,Pune,1249000
EMP05048,Priya Patel,priya.patel48@example.com,9800000048,Customer Support,Support Engineer,2022-03-27,Priya Iyer,Delhi,1266000
EMP05049,Rahul Verma,rahul.verma49@example.com,9800000049,Engineering,Software Engineer,2022-04-13,Arjun Mehta,Chennai,1283000
EMP05050,Sneha Reddy,sneha.reddy50@example.com,9800000050,Data Science,Data Analyst,2022-04-30,Kavya Nair,Bengaluru,1300000
EMP05051,Aditya Joshi,aditya.joshi51@example.com,9800000051,Finance,Finance Analyst,2022-05-17,Ananya Sharma,Hyderabad,1317000
EMP05052,Neha Gupta,neha.gupta52@example.com,9800000052,Human Resources,HR Executive,2022-06-03,Vikram Kumar,Mumbai,1334000
EMP05053,Karan Malhotra,karan.malhotra53@example.com,9800000053,Marketing,Marketing Specialist,2022-06-20,Priya Iyer,Pune,1351000
EMP05054,Divya Menon,divya.menon54@example.com,9800000054,Sales,Sales Executive,2022-07-07,Arjun Mehta,Delhi,1368000
EMP05055,Sanjay Das,sanjay.das55@example.com,9800000055,Operations,Operations Manager,2022-07-24,Kavya Nair,Chennai,1385000
EMP05056,Pooja Shah,pooja.shah56@example.com,9800000056,Customer Support,Support Engineer,2022-08-10,Ananya Sharma,Bengaluru,452000
EMP05057,Nikhil Bansal,nikhil.bansal57@example.com,9800000057,Engineering,Software Engineer,2022-08-27,Vikram Kumar,Hyderabad,469000
EMP05058,Isha Kapoor,isha.kapoor58@example.com,9800000058,Data Science,Data Analyst,2022-09-13,Priya Iyer,Mumbai,486000
EMP05059,Manoj Yadav,manoj.yadav59@example.com,9800000059,Finance,Finance Analyst,2022-09-30,Arjun Mehta,Pune,503000
EMP05060,Aditi Kulkarni,aditi.kulkarni60@example.com,9800000060,Human Resources,HR Executive,2022-10-17,Kavya Nair,Delhi,520000
EMP05061,Aarav Sharma,aarav.sharma61@example.com,9800000061,Marketing,Marketing Specialist,2022-11-03,Ananya Sharma,Chennai,537000
EMP05062,Meera Iyer,meera.iyer62@example.com,9800000062,Sales,Sales Executive,2022-11-20,Vikram Kumar,Bengaluru,554000
EMP05063,Rohan Kumar,rohan.kumar63@example.com,9800000063,Operations,Operations Manager,2022-12-07,Priya Iyer,Hyderabad,571000
EMP05064,Ananya Rao,ananya.rao64@example.com,9800000064,Customer Support,Support Engineer,2022-12-24,Arjun Mehta,Mumbai,588000
EMP05065,Vikram Singh,vikram.singh65@example.com,9800000065,Engineering,Software Engineer,2023-01-10,Kavya Nair,Pune,605000
EMP05066,Kavya Nair,kavya.nair66@example.com,9800000066,Data Science,Data Analyst,2023-01-27,Ananya Sharma,Delhi,622000
EMP05067,Arjun Mehta,arjun.mehta67@example.com,9800000067,Finance,Finance Analyst,2023-02-13,Vikram Kumar,Chennai,639000
EMP05068,Priya Patel,priya.patel68@example.com,9800000068,Human Resources,HR Executive,2023-03-02,Priya Iyer,Bengaluru,656000
EMP05069,Rahul Verma,rahul.verma69@example.com,9800000069,Marketing,Marketing Specialist,2023-03-19,Arjun Mehta,Hyderabad,673000
EMP05070,Sneha Reddy,sneha.reddy70@example.com,9800000070,Sales,Sales Executive,2023-04-05,Kavya Nair,Mumbai,690000
EMP05071,Aditya Joshi,aditya.joshi71@example.com,9800000071,Operations,Operations Manager,2023-04-22,Ananya Sharma,Pune,707000
EMP05072,Neha Gupta,neha.gupta72@example.com,9800000072,Customer Support,Support Engineer,2023-05-09,Vikram Kumar,Delhi,724000
EMP05073,Karan Malhotra,karan.malhotra73@example.com,9800000073,Engineering,Software Engineer,2023-05-26,Priya Iyer,Chennai,741000
EMP05074,Divya Menon,divya.menon74@example.com,9800000074,Data Science,Data Analyst,2023-06-12,Arjun Mehta,Bengaluru,758000
EMP05075,Sanjay Das,sanjay.das75@example.com,9800000075,Finance,Finance Analyst,2023-06-29,Kavya Nair,Hyderabad,775000
EMP05076,Pooja Shah,pooja.shah76@example.com,9800000076,Human Resources,HR Executive,2023-07-16,Ananya Sharma,Mumbai,792000
EMP05077,Nikhil Bansal,nikhil.bansal77@example.com,9800000077,Marketing,Marketing Specialist,2023-08-02,Vikram Kumar,Pune,809000
EMP05078,Isha Kapoor,isha.kapoor78@example.com,9800000078,Sales,Sales Executive,2023-08-19,Priya Iyer,Delhi,826000
EMP05079,Manoj Yadav,manoj.yadav79@example.com,9800000079,Operations,Operations Manager,2023-09-05,Arjun Mehta,Chennai,843000
EMP05080,Aditi Kulkarni,aditi.kulkarni80@example.com,9800000080,Customer Support,Support Engineer,2023-09-22,Kavya Nair,Bengaluru,860000
EMP05081,Aarav Sharma,aarav.sharma81@example.com,9800000081,Engineering,Software Engineer,2023-10-09,Ananya Sharma,Hyderabad,877000
EMP05082,Meera Iyer,meera.iyer82@example.com,9800000082,Data Science,Data Analyst,2023-10-26,Vikram Kumar,Mumbai,894000
EMP05083,Rohan Kumar,rohan.kumar83@example.com,9800000083,Finance,Finance Analyst,2023-11-12,Priya Iyer,Pune,911000
EMP05084,Ananya Rao,ananya.rao84@example.com,9800000084,Human Resources,HR Executive,2023-11-29,Arjun Mehta,Delhi,928000
EMP05085,Vikram Singh,vikram.singh85@example.com,9800000085,Marketing,Marketing Specialist,2023-12-16,Kavya Nair,Chennai,945000
EMP05086,Kavya Nair,kavya.nair86@example.com,9800000086,Sales,Sales Executive,2024-01-02,Ananya Sharma,Bengaluru,962000
EMP05087,Arjun Mehta,arjun.mehta87@example.com,9800000087,Operations,Operations Manager,2024-01-19,Vikram Kumar,Hyderabad,979000
EMP05088,Priya Patel,priya.patel88@example.com,9800000088,Customer Support,Support Engineer,2024-02-05,Priya Iyer,Mumbai,996000
EMP05089,Rahul Verma,rahul.verma89@example.com,9800000089,Engineering,Software Engineer,2024-02-22,Arjun Mehta,Pune,1013000
EMP05090,Sneha Reddy,sneha.reddy90@example.com,9800000090,Data Science,Data Analyst,2024-03-10,Kavya Nair,Delhi,1030000
EMP05091,Aditya Joshi,aditya.joshi91@example.com,9800000091,Finance,Finance Analyst,2024-03-27,Ananya Sharma,Chennai,1047000
EMP05092,Neha Gupta,neha.gupta92@example.com,9800000092,Human Resources,HR Executive,2024-04-13,Vikram Kumar,Bengaluru,1064000
EMP05093,Karan Malhotra,karan.malhotra93@example.com,9800000093,Marketing,Marketing Specialist,2024-04-30,Priya Iyer,Hyderabad,1081000
EMP05094,Divya Menon,divya.menon94@example.com,9800000094,Sales,Sales Executive,2024-05-17,Arjun Mehta,Mumbai,1098000
EMP05095,Sanjay Das,sanjay.das95@example.com,9800000095,Operations,Operations Manager,2024-06-03,Kavya Nair,Pune,1115000
EMP05096,Pooja Shah,pooja.shah96@example.com,9800000096,Customer Support,Support Engineer,2024-06-20,Ananya Sharma,Delhi,1132000
EMP05097,Nikhil Bansal,nikhil.bansal97@example.com,9800000097,Engineering,Software Engineer,2024-07-07,Vikram Kumar,Chennai,1149000
EMP05098,Isha Kapoor,isha.kapoor98@example.com,9800000098,Data Science,Data Analyst,2024-07-24,Priya Iyer,Bengaluru,1166000
EMP05099,Manoj Yadav,manoj.yadav99@example.com,9800000099,Finance,Finance Analyst,2024-08-10,Arjun Mehta,Hyderabad,1183000
EMP05100,Aditi Kulkarni,aditi.kulkarni100@example.com,9800000100,Human Resources,HR Executive,2024-08-27,Kavya Nair,Mumbai,1200000
